iter	MultiClass
0	1.671784097
1	1.585818765
2	1.519574247
3	1.463059721
4	1.413949958
5	1.368111957
6	1.328183998
7	1.290068975
8	1.262198583
9	1.238768457
10	1.221274158
11	1.207255958
12	1.191066221
13	1.175935175
